/Users/biancabica/Downloads/ckjm-master/src/gr/spinellis/ckjm/ant/CkjmTask.java;/Users/biancabica/Downloads/ckjm-master/src/gr/spinellis/ckjm/ant;CkjmTask;
/Users/biancabica/Downloads/ckjm-master/src/gr/spinellis/ckjm/ant/PrintXmlResults.java;/Users/biancabica/Downloads/ckjm-master/src/gr/spinellis/ckjm/ant;PrintXmlResults;
/Users/biancabica/Downloads/ckjm-master/src/gr/spinellis/ckjm/MetricsFilter.java;/Users/biancabica/Downloads/ckjm-master/src/gr/spinellis/ckjm;MetricsFilter;
/Users/biancabica/Downloads/ckjm-master/src/gr/spinellis/ckjm/ClassMetrics.java;/Users/biancabica/Downloads/ckjm-master/src/gr/spinellis/ckjm;ClassMetrics;
/Users/biancabica/Downloads/ckjm-master/src/gr/spinellis/ckjm/.DS_Store;/Users/biancabica/Downloads/ckjm-master/src/gr/spinellis/ckjm;;
/Users/biancabica/Downloads/ckjm-master/src/gr/spinellis/ckjm/MethodVisitor.java;/Users/biancabica/Downloads/ckjm-master/src/gr/spinellis/ckjm;MethodVisitor;
/Users/biancabica/Downloads/ckjm-master/src/gr/spinellis/ckjm/PrintPlainResults.java;/Users/biancabica/Downloads/ckjm-master/src/gr/spinellis/ckjm;PrintPlainResults;
/Users/biancabica/Downloads/ckjm-master/src/gr/spinellis/ckjm/ClassVisitor.java;/Users/biancabica/Downloads/ckjm-master/src/gr/spinellis/ckjm;ClassVisitor;
/Users/biancabica/Downloads/ckjm-master/src/gr/spinellis/ckjm/ClassMetricsContainer.java;/Users/biancabica/Downloads/ckjm-master/src/gr/spinellis/ckjm;ClassMetricsContainer;
/Users/biancabica/Downloads/ckjm-master/src/gr/spinellis/ckjm/CkjmOutputHandler.java;/Users/biancabica/Downloads/ckjm-master/src/gr/spinellis/ckjm;CkjmOutputHandler;

